title	notes
Harvard Business Review	https://feeds.harvardbusiness.org/harvardbusiness
Economist (Business)	https://www.economist.com/business/rss.xml
Economist (Science & Technology)	https://www.economist.com/science-and-technology/rss.xml
Economist (Finance & Economics)	https://www.economist.com/finance-and-economics/rss.xml
WSJ (Business)	https://feeds.content.dowjones.io/public/rss/WSJcomUSBusiness
WSJ (Technology)	https://feeds.content.dowjones.io/public/rss/RSSWSJD
WSJ (Economy)	https://feeds.content.dowjones.io/public/rss/socialeconomyfeed
GCP	https://cloudblog.withgoogle.com/rss/
AWS	https://aws.amazon.com/blogs/aws/feed/
A16Z	https://a16z.com/feed/
Intelligence Squared	http://rss.acast.com/intelligencesquared
